key,instantiation,title,author,message,email,link
notice-01,2022/05/23 10:00,Welcome to the forum,User1,Hello everyone,example1@gmail.com,https://www.example.com
notice-02,1970/01/01 00:00,Welcome to the forum,User1,Hello everyone,example1@gmail.com,https://www.example.com
notice-03,1970/01/01 00:01,Welcome to the forum,User1,Hello everyone,example1@gmail.com,https://www.example.com
notice-04,2022/07/30 00:00,Welcome to the forum,User1,Hello everyone,example1@gmail.com,https://www.example.com
notice-05,2022/07/29 23:59,Welcome to the forum,User1,Hello everyone,example1@gmail.com,https://www.example.com
notice-06,2022/05/23 10:00,Este texto tiene 75 caracteres. Quiero probar los límites superiores.......,User1,Hello everyone,example1@gmail.com,https://www.example.com
notice-07,2022/05/23 10:00,Este texto tiene 74 caracteres. Quiero probar los límites superiores......,User1,Hello everyone,example1@gmail.com,https://www.example.com
notice-08,2022/05/23 10:00,A,User1,Hello everyone,example1@gmail.com,https://www.example.com
notice-09,2022/05/23 10:00,Ab,User1,Hello everyone,example1@gmail.com,https://www.example.com
notice-10,2022/05/23 10:00,<h1>hola</h1>,User1,Hello everyone,example1@gmail.com,https://www.example.com
notice-11,2022/05/23 10:00,"<script>alert(""hola"")</script>",User1,Hello everyone,example1@gmail.com,https://www.example.com
notice-12,2022/05/23 10:00,你好,User1,Hello everyone,example1@gmail.com,https://www.example.com
notice-13,2022/05/23 10:00,Здравейте,User1,Hello everyone,example1@gmail.com,https://www.example.com
notice-14,2022/05/23 10:00,Welcome to the forum,Este texto tiene 75 caracteres. Quiero probar los límites superiores.......,Hello everyone,example1@gmail.com,https://www.example.com
notice-15,2022/05/23 10:00,Welcome to the forum,Este texto tiene 74 caracteres. Quiero probar los límites superiores......,Hello everyone,example1@gmail.com,https://www.example.com
notice-16,2022/05/23 10:00,Welcome to the forum,A,Hello everyone,example1@gmail.com,https://www.example.com
notice-17,2022/05/23 10:00,Welcome to the forum,Ab,Hello everyone,example1@gmail.com,https://www.example.com
notice-18,2022/05/23 10:00,Welcome to the forum,<h1>hola</h1>,Hello everyone,example1@gmail.com,https://www.example.com
notice-19,2022/05/23 10:00,Welcome to the forum,"<script>alert(""hola"")</script>",Hello everyone,example1@gmail.com,https://www.example.com
notice-20,2022/05/23 10:00,Welcome to the forum,你好,Hello everyone,example1@gmail.com,https://www.example.com
notice-21,2022/05/23 10:00,Welcome to the forum,Здравейте,Hello everyone,example1@gmail.com,https://www.example.com
notice-22,2022/05/23 10:00,Welcome to the forum,User1,Este texto tiene 100 caracteres. Quiero probar los límites superiores de un texto bastante largo....,example1@gmail.com,https://www.example.com
notice-23,2022/05/23 10:00,Welcome to the forum,User1,Este texto tiene 99 caracteres. Quiero probar los límites superiores de un texto bastante largo....,example1@gmail.com,https://www.example.com
notice-24,2022/05/23 10:00,Welcome to the forum,User1,A,example1@gmail.com,https://www.example.com
notice-25,2022/05/23 10:00,Welcome to the forum,User1,Ab,example1@gmail.com,https://www.example.com
notice-26,2022/05/23 10:00,Welcome to the forum,User1,<h1>hola</h1>,example1@gmail.com,https://www.example.com
notice-27,2022/05/23 10:00,Welcome to the forum,User1,"<script>alert(""hola"")</script>",example1@gmail.com,https://www.example.com
notice-28,2022/05/23 10:00,Welcome to the forum,User1,你好,example1@gmail.com,https://www.example.com
notice-29,2022/05/23 10:00,Welcome to the forum,User1,Здравейте,example1@gmail.com,https://www.example.com
notice-30,2022/05/23 10:00,Welcome to the forum,User1,Hello everyone,a@b.c,https://www.example.com
notice-31,2022/05/23 10:00,Welcome to the forum,User1,Hello everyone,ab@b.c,https://www.example.com
notice-32,2022/05/23 10:00,Welcome to the forum,User1,Hello everyone,null,https://www.example.com
notice-33,2022/05/23 10:00,Welcome to the forum,User1,Hello everyone,example1@gmail.com,http://www.1231231231231231231231231231231232131232131231232132131231232133333333333333333333333333333333333333333333333333333333333333333333333333333333333333333333333333333333sasdd3333333333333333333333333333333333333333333313123123123123123ssadsadd.com
notice-34,2022/05/23 10:00,Welcome to the forum,User1,Hello everyone,example1@gmail.com,http://www.1231231231231231231231231231231232131232131231232132131231232133333333333333333333333333333333333333333333333333333333333333333333333333333333333333333333333333333333sasdd3333333333333333333333333333333333333333333313123123123123123ssadsad.com
notice-35,2022/05/23 10:00,Welcome to the forum,User1,Hello everyone,example1@gmail.com,ftp://ab.a
notice-38,2022/05/23 10:00,Welcome to the forum,User1,Hello everyone,example1@gmail.com,null
notice-39,2022/05/23 10:00,Welcome to the forum,User1,Hello everyone,74caractereslimitemaximo2349874927346589237465823746334243211231@gmail.com,https://www.example.com
notice-40,2022/05/23 10:00,Welcome to the forum,User1,Hello everyone,732138972394872394872344234987492734658923746582374633424321123@gmail.com,https://www.example.com
notice-41,2022/05/23 10:00,Welcome to the forum,User1,Hello everyone,example你好@gmail.com,https://www.example.com
notice-42,2022/05/23 10:00,Welcome to the forum,User1,Hello everyone,exampleЗдравейте@gmail.com,https://www.example.com
notice-43,2022/05/23 10:00,Welcome to the forum,User1,Hello everyone,example@hotmail.com,https://www.example.com
notice-44,2022/05/23 10:00,Welcome to the forum,User1,Hello everyone,example@a.com,https://www.example.com